target,target_names,SIRT1_Score,SIRT2_Score,Sequence
2,SIRT2,0.69,5.56,TTSYKLKRHLQSH
1,SIRT1,1.09,5,DKNNLVKYDKKTG
2,SIRT2,0.62,4.76,AQTRYIKTSGNAT
2,SIRT2,0.83,4.55,KWTNYIKGYQRRW
2,SIRT2,0.36,4.55,YPEGQVKSQMKCV
1,SIRT1,1.18,4.17,RNALYIKSSKISR
2,SIRT2,0.85,4.17,LSDMPLKSFYRYV
2,SIRT2,0.65,4.17,RTVPQYKYAAGVR
2,SIRT2,0.47,4.17,NFAFKDKYKQIFL
2,SIRT2,0.29,4.17,QSVQPSKFNSYGR
2,SIRT2,0.39,4,IKQRAAKYANSNP
1,SIRT1,1.59,3.85,GGSVLVKRMFRPM
2,SIRT2,0.28,3.85,ZMQAFLKGTSIST
2,SIRT2,0.14,3.85,ALNFAFKDKYKQI
2,SIRT2,0.96,3.7,PACRYRKCLQAGM
2,SIRT2,0.88,3.7,KISAYMKSSRFLP
2,SIRT2,0.85,3.7,YKMMFVKSSGSZZ
2,SIRT2,0.52,3.7,SYVASTKYQKVYG
2,SIRT2,0.52,3.7,RLLGWKKSAGGSG
2,SIRT2,0.26,3.7,ENYRRNKSYSFIA
2,SIRT2,0.23,3.7,HRKTGQKVALKKV
1,SIRT1,1.08,3.57,GMIFYRKGVKSVD
2,SIRT2,0.89,3.57,VKEQIYKLAKKGL
2,SIRT2,0.65,3.57,FAKNVQKRLNRAQ
2,SIRT2,0.63,3.57,MKAIVEKLRFTYR
2,SIRT2,0.57,3.57,TMEIYSKTTRFAL
2,SIRT2,0.22,3.57,KSPASAKRAQSFA
2,SIRT2,0.71,3.45,QTSPNPKYRGFFH
2,SIRT2,0.67,3.45,NMKAVLKTSSPSV
2,SIRT2,0.67,3.45,AHKKYIKDYMKSI
2,SIRT2,0.57,3.45,RQLLHEKIRDAYT
2,SIRT2,0.56,3.45,ETRYNLKSPAVKR
2,SIRT2,0.3,3.45,TEEEFKKRAYQCV
1,SIRT1,1.37,3.33,FTDHLVKTHTRVS
2,SIRT2,0.97,3.33,LETRGVKDVLKKR
2,SIRT2,0.96,3.33,RSFERQKYLSVQD
2,SIRT2,0.87,3.33,KVYYFSKGTLKIA
2,SIRT2,0.84,3.33,KRPEILKQEIKVF
2,SIRT2,0.82,3.33,QKNSNSKNDRRNR
2,SIRT2,0.51,3.33,YIKGIVKDIIHDP
2,SIRT2,0.3,3.33,PLKENVKYAVRLR
2,SIRT2,0.73,3.23,EPYGKIKNYILMR
2,SIRT2,0.56,3.23,EGGSPIKYNKDGS
2,SIRT2,0.56,3.23,ITYETLKYISKTP
2,SIRT2,0.47,3.23,SARIAVKKAQLRS
2,SIRT2,0.46,3.23,TGKGLSKSMYVFQ
2,SIRT2,0.45,3.23,RASGGSKAVQPGR
2,SIRT2,0.42,3.23,EVGGLVKALRLFQ
2,SIRT2,0.36,3.23,VPRKSPKYLALFK
2,SIRT2,0.28,3.23,GSGTYTKLQNTQV
2,SIRT2,0.25,3.23,EKAEEAKLKARYP
2,SIRT2,0.23,3.21,SLKGLVKNIPQST
1,SIRT1,2.17,3.13,TYRDLRKGVYVPY
1,SIRT1,1.09,3.13,VIKSYAKFSATPR
2,SIRT2,0.88,3.13,QFTGIKKYFNSYT
2,SIRT2,0.83,3.13,LVIAGKKARAVSP
2,SIRT2,0.81,3.13,SALATQKYSVAVK
2,SIRT2,0.79,3.13,GSIPEGKPLRTLL
2,SIRT2,0.66,3.13,QRRSSVKKIEKMK
2,SIRT2,0.66,3.13,PLLSTPKRERMVL
2,SIRT2,0.51,3.13,LGARKLKKLGNLK
2,SIRT2,0.44,3.13,NIRIMAKYYTRIT
2,SIRT2,0.12,3.13,NPPKPLKKLRFDI
2,SIRT2,0.09,3.13,ZZMARTKQTARKS
2,SIRT2,1.01,3.03,LYGSIPKAAVRFG
2,SIRT2,0.99,3.03,LTVTNPKRIAKAV
2,SIRT2,0.76,3.03,YQFTGIKKYFNSY
2,SIRT2,0.58,3.03,NQGEVVKHYKIRN
2,SIRT2,0.56,3.03,ZZZZZVKQIESKT
2,SIRT2,0.53,3.03,PWKANSKQPAFTI
2,SIRT2,0.48,3.03,HLDTFLKGKSGLR
2,SIRT2,0.41,3.03,SERVVVKYKPVAL
2,SIRT2,0.38,3.03,VKEEVLKQLPPKK
2,SIRT2,0.2,3.03,ARPAAAKLKASRL
2,SIRT2,0.17,3.03,EGTHSTKRGHAKS
1,SIRT1,1.19,2.94,RALMMMKFAEKAV
1,SIRT1,1.08,2.94,KRYDGLKYDVKKV
2,SIRT2,0.94,2.94,VHTVSVKYRGQHV
2,SIRT2,0.9,2.94,AIIVLTKSGRSAH
2,SIRT2,0.82,2.94,AKDVFNKGYGFGM
2,SIRT2,0.79,2.94,DDNGQDKPVKPPT
2,SIRT2,0.77,2.94,DRNEGLKFARKHS
2,SIRT2,0.76,2.94,KNEELAKRAKKLL
2,SIRT2,0.7,2.94,ARDVFTKGYGFGL
2,SIRT2,0.55,2.94,DIARRSKTFNPGA
2,SIRT2,0.47,2.94,NPHKTRKSVYGLQ
2,SIRT2,0.38,2.94,PHSHTLKGRRLVF
2,SIRT2,0.35,2.94,EEHHAAKTLGIGK
2,SIRT2,0.32,2.94,RAMELLKVSKDKQ
2,SIRT2,0.29,2.94,TENQTIKRGQRLP
2,SIRT2,0.27,2.94,DKIVIQKYHTVKG
2,SIRT2,0.2,2.94,AFKDKYKQLFLGG
2,SIRT2,0.15,2.94,RARRRKKGGTYKD
2,SIRT2,0.65,2.9,LDRRVVKGKVEYL
2,SIRT2,0.52,2.9,TNNRTKKAVKTVK
1,SIRT1,1.04,2.86,ERKNRMKKVRGTA
2,SIRT2,0.85,2.86,LTSLNVKYNNDKS
2,SIRT2,0.81,2.86,EVGQYLKKFRLFK
2,SIRT2,0.78,2.86,GAKRHRKVLRDNI
2,SIRT2,0.62,2.86,VRYFLDKTLTSRL
2,SIRT2,0.56,2.86,PAPRLLKTHLPLA
2,SIRT2,0.52,2.86,NEATGGKYVPRAV
2,SIRT2,0.5,2.86,LVMKSGKYVLGYK
2,SIRT2,0.47,2.86,IQERNEKLFYRIL
2,SIRT2,0.43,2.86,DKGYLTKEDLRVL
2,SIRT2,0.39,2.86,LNQISEKQGRMLL
2,SIRT2,0.34,2.86,GTKPRTKTVLSLF
2,SIRT2,0.25,2.86,SSSKGKKSRTQKE
2,SIRT2,0.22,2.86,ARDEGGKAFFKGA
2,SIRT2,0.2,2.86,ARVIIEKYYTRLG
2,SIRT2,0.15,2.86,SSMPTEKKISSAS
2,SIRT2,0.11,2.86,FARIWTKDGNLAS
2,SIRT2,0,2.86,TNSKAQKKNRNKL
2,SIRT2,0.15,2.81,ZZZZMKKQRKILW
2,SIRT2,1.34,2.78,RKARAKKNKAMKS
2,SIRT2,0.85,2.78,CRKVYTKSSHLKA
2,SIRT2,0.82,2.78,KADQLYKQKFIRG
2,SIRT2,0.63,2.78,QDGAFTKWRVENS
2,SIRT2,0.59,2.78,QASGNVKKALKLM
2,SIRT2,0.51,2.78,QVELFVKAGSDGA
2,SIRT2,0.5,2.78,RENGLDKTRLLKK
2,SIRT2,0.48,2.78,RKQLATKVARKSA
2,SIRT2,0.48,2.78,QMRLKEKSKRNQP
2,SIRT2,0.42,2.78,KLEHLEKQVRLLN
2,SIRT2,0.39,2.78,KKTKVKKKTSNPQ
2,SIRT2,0.37,2.78,PQLAAAKRRLPQG
2,SIRT2,0.34,2.78,IQKSGTKKLKTET
2,SIRT2,0.32,2.78,REAEFTKSIAKFF
2,SIRT2,0.31,2.78,DRSLQDKYLLRLV
2,SIRT2,0.25,2.78,REYGGSKRNALLK
2,SIRT2,0.22,2.78,AHSSHLKSKKGQS
2,SIRT2,0.18,2.78,CLLNSNKYFPSRV
2,SIRT2,0.65,2.73,ARQCLLKNISIRR
2,SIRT2,0.44,2.73,KTTILYKLKLGQS
2,SIRT2,0.74,2.7,PPPRLIKSHLPLA
2,SIRT2,0.68,2.7,RISSLPKSEKPLN
2,SIRT2,0.6,2.7,QQIMKFKSLDDVI
2,SIRT2,0.58,2.7,PELAPLKSKMIYA
2,SIRT2,0.56,2.7,QIGHGYKYAIGSL
2,SIRT2,0.55,2.7,NKIMTEKYNGNRI
2,SIRT2,0.52,2.7,GKNVTLKTIKKKQ
2,SIRT2,0.51,2.7,SPQPKKKPLDGEY
2,SIRT2,0.49,2.7,DQKVLEKQLPGSM
2,SIRT2,0.47,2.7,NTRLCTKALGPSR
2,SIRT2,0.46,2.7,EHQAALKIQSAFR
2,SIRT2,0.44,2.7,QILLQLKRRRTEE
2,SIRT2,0.39,2.7,DVDKAVKAARQAF
2,SIRT2,0.35,2.7,AHNAIEKRYRSSI
2,SIRT2,0.34,2.7,SGSIQAKNLKSKF
1,SIRT1,1.37,2.63,TQAALTKHLLKSV
1,SIRT1,1.06,2.63,EVQKLFKRKNNQI
1,SIRT1,1.03,2.57,RARQEKKSVRGKG
1,SIRT1,1.41,2.56,PVGGGQKLLTRKA
1,SIRT1,1.05,2.56,DVLASKKVQRPWR
1,SIRT1,1.1,2.5,IKKAYRKLALQLH
1,SIRT1,1.12,2.44,PRWDLSKFLRVST
1,SIRT1,1.04,2.44,QYQSQAKQLFRKL
1,SIRT1,1.33,2.38,KLQVKVKSYKRQA
1,SIRT1,1.24,2.33,RLTEYQKNELKIY
1,SIRT1,1.21,2.33,LYIYSKKSSTSRR
1,SIRT1,1.04,2.33,PDRPWAKPEDPSL
1,SIRT1,1.04,2.27,KLAQQIKQEVRQE
1,SIRT1,1.04,2.17,DIVSGLKYVQHTY
1,SIRT1,1.21,2.13,YCKFHYKTDQGIK
1,SIRT1,1.08,2.13,LDVSVTKALQHRS
1,SIRT1,1.21,2.11,DRGSGKKRGFAFV
1,SIRT1,1.07,2.08,IGAGKGKYYAVNY
1,SIRT1,1.21,2.04,ARSQPSKTLFVKG
1,SIRT1,1.23,1.92,KVLDVQKRRVPNK
1,SIRT1,1.25,1.91,DTQNALKNYRTAY
1,SIRT1,1.24,1.89,NIQFRRKTTVKTL
1,SIRT1,1.79,1.88,NMNRDIKMPLRKH
1,SIRT1,1.09,1.84,ETRGSKKKKKLRK
1,SIRT1,1.1,1.79,GDSQGRKRRQTSM
1,SIRT1,1.04,1.79,REKTQSKPFSIQE
1,SIRT1,1.32,1.75,REPIICKNIPRLV
1,SIRT1,1.23,1.73,LYASYEKQGRVRK
1,SIRT1,1.21,1.72,FDTEKEKYEITEQ
1,SIRT1,1.06,1.72,STAASTKYDVFRQ
1,SIRT1,1.04,1.72,ZMQIFVKTLTGKT
1,SIRT1,1.28,1.7,RRGASKKALSKAS
1,SIRT1,1.41,1.69,PKKPRGKMSSYAF
1,SIRT1,1.07,1.67,NRGPLDKWRALHS
1,SIRT1,1.05,1.67,KVKNWVKELRKML
1,SIRT1,1.22,1.64,IVYLYTKKVGKAP
1,SIRT1,1.31,1.63,AYKKYIKDYMKSI
1,SIRT1,1.51,1.57,YKNYEKKLSKKWI
1,SIRT1,1.18,1.56,LLATLKKTGKTVS
1,SIRT1,1.14,1.54,NEAVYTKMMTKKP
1,SIRT1,1.09,1.54,HQINIEKYQRCRI
1,SIRT1,1.07,1.54,FLQAKAKSKTLDF
1,SIRT1,1.04,1.51,HYDLLEKNINIVR
1,SIRT1,1.03,1.51,DIERYSKRYMKVY
1,SIRT1,1.12,1.48,NDTFTVKYTPRGA
1,SIRT1,1.06,1.48,NLAGGKKRGRKPK
1,SIRT1,1.72,1.43,QALNDAKRELRFL
1,SIRT1,1.41,1.41,IEIHYAKTAKKMD
1,SIRT1,1.07,1.41,ZZZZZPKRKAEGD
1,SIRT1,1.06,1.41,SKKGFKKAVVKTQ
1,SIRT1,1.27,1.4,DKSSDKKTQTKGK
1,SIRT1,1.3,1.34,LALCLKKIKAPLS
1,SIRT1,1.09,1.33,LVRLNSKWDLRRL
1,SIRT1,1.12,1.32,GGKAPRKQLATKV
1,SIRT1,1.52,1.31,PHSAHQKYVRQAW
1,SIRT1,1.15,1.3,TSGSQKKSQDKGP
1,SIRT1,1.2,1.27,AGTEVVKAKAGAG
1,SIRT1,1.15,1.27,MIKRSKKNSLALS
1,SIRT1,1.04,1.27,LSALKEKEKKRTV
1,SIRT1,1.39,1.25,WKQKWRKKGECFG
1,SIRT1,1.11,1.25,SKSVIVKSVERNA
1,SIRT1,1.19,1.2,NRLKQIKEFHRKH
1,SIRT1,1.85,1.19,DVGRMFKQFNKLT
1,SIRT1,1.03,1.14,APKTAQKKLKLVR
1,SIRT1,1.04,1.13,LEGKLKKKKMAKR
1,SIRT1,1.35,1.11,TEKKAKKAKIKVK
1,SIRT1,1.06,1.05,RGIIKSKGYILQA
1,SIRT1,1.37,1.04,KRKRSRKESYSVY
1,SIRT1,1.15,1,DMNKKDKQKRTAL
1,SIRT1,1.12,0.97,TLKKTGKTVSYLG
1,SIRT1,1.04,0.97,KATDQEKSRKLHE
1,SIRT1,1.07,0.95,NRDEAIKQLRKLQ
1,SIRT1,1.27,0.94,FSELKMKRLRKKF
1,SIRT1,1.09,0.93,TCDEHRKKQHVFL
1,SIRT1,1.06,0.93,GAAKTRKTTTTPG
1,SIRT1,1.58,0.92,KETVFTKSPYQEF
1,SIRT1,1.2,0.92,TVQELQKRLDRLE
1,SIRT1,1.33,0.91,RKAFGEKTIVPWK
1,SIRT1,1.12,0.91,EEKYVAKELAVRT
1,SIRT1,1.13,0.89,GKATVPKTEIREK
1,SIRT1,1.28,0.88,NSQMCQKSLDVET
1,SIRT1,1.13,0.88,DVVYALKRQGRTL
1,SIRT1,1.06,0.88,LKGLNSKLLDIRS
1,SIRT1,1.03,0.88,KVLQKEKKRGKRV
1,SIRT1,1.04,0.87,DYGNKYKRRVPRV
1,SIRT1,1.2,0.86,EVALDYKKKKHVF
1,SIRT1,1.15,0.85,YKTDLEKDIISDT
1,SIRT1,1.11,0.84,LVSTGLKVRIMGP
1,SIRT1,1.14,0.81,DIDEDFKRELRNL
1,SIRT1,1.09,0.81,FKRKYGKSLYYYI
1,SIRT1,1.03,0.81,SKTRRDKEKQSCK
1,SIRT1,1.2,0.8,KDGDKKKKKKIKE
1,SIRT1,1.14,0.8,TVLSALKEKEKKR
1,SIRT1,1.14,0.76,GKGKGKKKGKVKE
1,SIRT1,1.13,0.71,EIRRYQKSTELLI
1,SIRT1,1.09,0.71,ZZMSDRKAVIKNA
1,SIRT1,1.26,0.67,VTTVDTKRRTETV
1,SIRT1,1.09,0.66,LTGKFEKLIVALM
1,SIRT1,1.06,0.65,VAGKYSKEFFTKK
1,SIRT1,1.22,0.6,EEARLKKSADTLW
1,SIRT1,1.09,0.59,EYIEENKYSRAKS
1,SIRT1,1.37,0.56,KEVKDVKEFKPES
1,SIRT1,1.1,0.54,MGYMAAKKHLEIN
1,SIRT1,1.18,0.53,ARDEVIKQLRKLQ
1,SIRT1,1.33,0.52,NKVEELKKKYGIZ
1,SIRT1,1.31,0.52,AEEILEKGLKVRE
1,SIRT1,1.18,0.51,KKDKKGKKGKKKE
1,SIRT1,1.05,0.51,SPSAMGKRLSREQ
1,SIRT1,1.08,0.5,PPKPLKKLRFDIE
1,SIRT1,1.25,0.49,FTRPLFKDLAAFD
1,SIRT1,1.27,0.48,RRMKWKKESNLTS
1,SIRT1,1.43,0.47,EADELMKRVGFQY
1,SIRT1,1.32,0.45,ITKAQKKDGKKRK
1,SIRT1,1.34,0.42,STGIKKKSNKKTN
1,SIRT1,1.1,0.42,NRIIVEKPFGRDL
1,SIRT1,1.14,0.4,GGKAPRKQLATKA
1,SIRT1,1.39,0.37,DKLNEQKLAQLEE
1,SIRT1,1.41,0.35,KKHKKEKKKVKDK
1,SIRT1,1.19,0.35,PASVYTKRCSEAF
1,SIRT1,1.08,0.34,SKKAVTKVQKKDG
1,SIRT1,1.07,0.34,ZZZMAHKQIYYSD
1,SIRT1,1.09,0.33,HGHNVFKERISDM
1,SIRT1,1.06,0.26,ASLAAAKKQLADE
1,SIRT1,1.04,0.26,MINWVEKHVVQSI
1,SIRT1,1.04,0.26,PATGGVKKPHRYR
1,SIRT1,1.22,0.23,AAWEAGKFGNEVI
1,SIRT1,1.03,0.2,VKRVTQKEELEKQ
1,SIRT1,1.07,0.17,VTKVQKKDGKKRK
1,SIRT1,1.48,0.16,GPCKMIKPFFHSL
1,SIRT1,1.21,0.16,VKQEFEKQDELKR
1,SIRT1,1.18,0.16,KKKDREKGKKDKD
1,SIRT1,1.04,0.16,AAKVSKKELNSNH
1,SIRT1,1.11,0.08,LYQECEKLKKLMS
1,SIRT1,1.05,0.08,IHAELSKLVKKHA
1,SIRT1,1.04,0.03,EKIEREKEELMER
1,SIRT1,1.12,0,QVDAEEKEDVKSC
1,SIRT1,1.06,0,AAVSMLKQDYKEG
1,SIRT1,1.04,0,ZZZMASKEMFEDT
0,Neither,0.09,0.27,AQRIVEKLEKSTK
0,Neither,0.09,0.09,DGLQNEKNIVSTP
0,Neither,0.09,0.86,TDLFIGKKPIELR
0,Neither,0.09,0.48,GSGNSGKGGNQLR
0,Neither,0.09,0.42,IETDKPKVAPAPA
0,Neither,0.09,0.37,MYDIFGKYGPIRQ
0,Neither,0.09,0.14,TLIEMYKTQVQKL
0,Neither,0.09,0.00,TGVDLTKDNMALQ
0,Neither,0.09,0.82,LEKIQTKAGEATV
0,Neither,0.09,0.42,RITSWPKENPGSW
0,Neither,0.09,0.16,EKGENDKSLHLLK
0,Neither,0.09,0.11,KDVKEFKPESSLT
0,Neither,0.09,0.00,LELTGLKVFGNEI
0,Neither,0.09,0.98,IRMSFVKGWGAEY
0,Neither,0.09,0.00,KLAKAGKNQGDPK
0,Neither,0.09,0.60,MRAVEFKVVETDP
0,Neither,0.09,0.31,NLMIQNKDDLARI
0,Neither,0.09,0.18,PFPTHYKDLWDNK
0,Neither,0.09,0.69,KGLSMAKEGVVAA
0,Neither,0.09,0.36,TYEDIDKRGKYDL
0,Neither,0.09,0.28,HRAEISKIMRECQ
0,Neither,0.09,0.13,MLTLASKLKRDDG
0,Neither,0.09,0.00,QYKDVAKPVIELY
0,Neither,0.09,0.25,TPFSGPKZZZZZZ
0,Neither,0.09,0.06,EGGKSGKAPRRRA
0,Neither,0.09,0.05,VSNKRSKPDIKME
0,Neither,0.09,0.05,LKEVDSKLQENPE
0,Neither,0.09,0.04,KTHTKRKAEFEEQ
0,Neither,0.09,0.08,SSGFSGKGFKFDE
0,Neither,0.09,1.13,DDPEVQKDIKNVP
0,Neither,0.09,0.51,KDLGYGKGYKYNP
0,Neither,0.09,0.08,DFSNLEKZZZZZZ
0,Neither,0.09,2.37,AQQQRPKTRRVAP
0,Neither,0.09,1.45,QTNEILKIHEKNS
0,Neither,0.09,0.49,SRLHDSKGQTKLL
0,Neither,0.09,0.23,REREGEKEKASWR
0,Neither,0.09,0.09,MYRIKSKIPNEHK
0,Neither,0.09,0.00,VKELEEKIENLEK
0,Neither,0.09,0.00,NPNEGEKFKQISQ
0,Neither,0.09,0.00,SEDTLLKDAAKVC
0,Neither,0.09,0.14,GTSISTKPPLTKD
0,Neither,0.09,0.11,LEEILPKLQAENI
0,Neither,0.09,1.72,KAHFFGKRDIRSR
0,Neither,0.09,1.11,GPPGTGKTLIARA
0,Neither,0.09,0.84,PSTSKSKGKSPHK
0,Neither,0.09,0.18,EPIFGKKPRIEES
0,Neither,0.09,0.00,KLIAGNKPVSFLT
0,Neither,0.09,0.70,HTDDDEKISYRYL
0,Neither,0.09,0.92,KSPLRVKNFGIWL
0,Neither,0.09,1.04,FTPVASKFSPGAP
0,Neither,0.09,0.54,AEDEEWKRIRSLL
0,Neither,0.09,0.11,AVHLEGKIEQAQR
0,Neither,0.09,0.70,ELIEYDKLRKDDP
0,Neither,0.09,0.91,LIVNLLKSDNKEV
0,Neither,0.09,1.23,DDELDSKLNYKPP
0,Neither,0.09,0.66,SSSPACKASSGLE
0,Neither,0.09,0.57,DEVAQSKGSVSAG
0,Neither,0.09,0.37,IAGFLQKNKAGGM
0,Neither,0.09,0.00,SKEYFSKQKZZZZ
0,Neither,0.08,0.81,ATKKPIKGNTKIS
0,Neither,0.08,1.07,HRINFDKYHPGYF
0,Neither,0.08,0.52,LTASEAKKLPIQE
0,Neither,0.08,0.22,KIENLEKECKEKE
0,Neither,0.08,0.12,AVDKIMKDLDQCR
0,Neither,0.08,0.72,DIITALKKNNITK
0,Neither,0.08,0.65,SNIGIMKGGSKGY
0,Neither,0.08,0.29,SIKLDGKGEPKGA
0,Neither,0.08,0.26,MDGMSTKKNVFII
0,Neither,0.08,0.21,EELAAQKRQLENM
0,Neither,0.08,1.15,PLGLSPKKVGDDI
0,Neither,0.08,0.56,KVTAAEKKTLDKE
0,Neither,0.08,0.33,ZZZATLKDQLIYN
0,Neither,0.08,1.08,ECKQCGKTFIYYQ
0,Neither,0.08,0.34,EKNDFTKFKTEQE
0,Neither,0.08,0.88,LLADGSKVRAPYV
0,Neither,0.08,0.87,PPVPPKKVTAAEK
0,Neither,0.08,0.76,GEAKTFKGVVDVV
0,Neither,0.08,0.13,SKKAVTKAQKKDG
0,Neither,0.08,0.68,GALTAEKLRSVVT
0,Neither,0.08,0.44,TVIGSNKLEQMPS
0,Neither,0.08,0.11,GEKPYWKDPNNDF
0,Neither,0.08,0.00,KLEKEGKIFSNTD
0,Neither,0.08,0.76,ALSKKSKGQVKEE
0,Neither,0.08,0.66,PIGCDAKGRIVLG
0,Neither,0.08,0.45,QKDLLFKDSAIGF
0,Neither,0.08,0.61,ETAKTGKFLKSPP
0,Neither,0.08,0.00,TLKLEDKQRLAQE
0,Neither,0.08,0.34,FQLVQMKDFRFSY
0,Neither,0.08,0.09,EKKKSKKDKKAKA
0,Neither,0.08,0.00,FYGDEEKDKGLQT
0,Neither,0.08,0.00,RQCVVDKDKRNQC
0,Neither,0.08,0.77,GHNSDGKFIARAQ
0,Neither,0.08,0.06,FFIEPQKPVFPET
0,Neither,0.08,0.06,KFYWGHKEILIPV
0,Neither,0.08,0.00,KKIEVIKPGDLGV
0,Neither,0.08,0.11,LELSASKKKKTQE
0,Neither,0.08,0.05,NIPAPLKPTZZZZ
0,Neither,0.08,0.47,GGGPQGKKGKNEP
0,Neither,0.08,0.24,RRSLSPKPRDKSR
0,Neither,0.08,0.86,GVGTFGKVKVGKH
0,Neither,0.08,0.73,YMESGTKKDNSIL
0,Neither,0.08,0.25,KYSPNCKLLIVSN
0,Neither,0.08,0.63,SGNVVNKKTYEDL
0,Neither,0.08,0.11,IKTLNNKFASFID
0,Neither,0.08,0.16,ASKTFGKAAGPSL
0,Neither,0.08,0.81,TVTKTDKTLVLLM
0,Neither,0.08,0.55,LGDCLVKIYKSDG
0,Neither,0.08,0.14,YWTEPEKFLPERF
0,Neither,0.08,0.41,SYLEYQKVMREIE
0,Neither,0.08,0.39,YLFTGLKLRLQEE
0,Neither,0.07,0.03,AYEDQTKPVLEYY
0,Neither,0.07,1.40,ZMSVRGKAGKGLG
0,Neither,0.07,0.48,IAAKLAKDREAAE
0,Neither,0.07,0.36,EDYPSGKKRAGTD
0,Neither,0.07,0.71,LSTQVIKSASSKS
0,Neither,0.07,0.50,NQWCEEKZZZZZZ
0,Neither,0.07,0.40,PKKLLQKVFNDTC
0,Neither,0.07,0.82,PAPKAQKGQKAPA
0,Neither,0.07,0.40,PANEDQKIGIEII
0,Neither,0.07,0.59,AHGDQYKATDFVA
0,Neither,0.07,0.00,IEIPAEKVFLAQK
0,Neither,0.07,0.15,ESQWNPKKTTIEN
0,Neither,0.07,1.03,DFEQISKTIRKEV
0,Neither,0.07,0.77,LSCEQLKQLQRFD
0,Neither,0.07,0.57,LKSPDVKAVLAVL
0,Neither,0.07,1.50,AQSLIDKTTAAFQ
0,Neither,0.07,0.53,GLKWLNKEKKIFQ
0,Neither,0.07,0.00,FDPANGKFSKSAT
0,Neither,0.07,0.11,AGNAFKKADPQEA
0,Neither,0.07,1.37,SKGFGGKYGVQKD
0,Neither,0.07,2.17,QNKGGIKRSASAA
0,Neither,0.07,1.49,QKATGQKAAPAPK
0,Neither,0.07,0.87,KVIIVVKDGPGFY
0,Neither,0.07,1.96,MGKGVSKAVEHIN
0,Neither,0.07,0.00,LRPERVKPFMTGA
0,Neither,0.07,0.92,IQVPGSKFHYVRL
0,Neither,0.07,0.68,VKGTLGKASKQAG
0,Neither,0.07,0.58,KVQNITKEDVKSY
0,Neither,0.07,0.17,NFGQKEKPYFPIP
0,Neither,0.07,0.00,LDIDVEKLTQAEL
0,Neither,0.07,1.85,KYMEANKNIGKIV
0,Neither,0.07,1.57,HSFPTLKFFPASA
0,Neither,0.07,0.66,KVVLDDKDYFLFR
0,Neither,0.07,0.10,FIQTFGKEFDKHF
0,Neither,0.07,1.47,TGVPGKKCGTILL
0,Neither,0.07,0.08,EIIEGMKFDRGYI
0,Neither,0.07,0.00,VKVVVGKTFDSIV
0,Neither,0.07,0.34,SENRVEKDGLILT
0,Neither,0.06,0.49,EYDFPEKFFPKAR
0,Neither,0.06,0.15,SLLAVVKREPAEQ
0,Neither,0.06,0.30,DLKFRQKVNLESN
0,Neither,0.06,0.74,WVERAAKLFPGSP
0,Neither,0.06,0.25,LHQQWDKKNAAKK
0,Neither,0.06,1.21,PSTGGVKKPHHYR
0,Neither,0.06,2.13,EVQKDIKNVPFKI
0,Neither,0.06,0.00,FWARGRKPWKLAI
0,Neither,0.06,0.52,KSVEITKQDTKVE
0,Neither,0.06,0.28,KYDGRFKDIFQEI
0,Neither,0.06,0.44,SQAIAEKQPSQEV
0,Neither,0.06,0.29,KLKPNTKIMMMGT
0,Neither,0.06,0.18,DEVLTSKGDAWAK
0,Neither,0.06,1.08,GLMAVLKAVRENA
0,Neither,0.06,0.74,KPGDDWKKTLKLP
0,Neither,0.06,1.07,APPSTRKDYPAAK
0,Neither,0.06,0.72,LIYKTQKNGQWVG
0,Neither,0.06,0.07,RIPKVQKLLQDFF
0,Neither,0.06,0.00,MMENGIKPVYVFD
0,Neither,0.06,0.81,LKTVVNKLFEFMH
0,Neither,0.06,0.79,KGAVSEKSNFLFT
0,Neither,0.06,0.71,KISDLWKAHPGKI
0,Neither,0.06,0.14,EVNTFVKNLZZZZ
0,Neither,0.06,0.00,QQKELEKVCNPII
0,Neither,0.06,0.17,YQYVINKERKGDY
0,Neither,0.06,0.07,DKTVVNKDVFRDP
0,Neither,0.06,0.00,PSLKTFKPIDLSD
0,Neither,0.06,1.89,AALAVLKSGNPRG
0,Neither,0.06,0.35,KVVINNKLEQRII
0,Neither,0.06,0.17,LACEESKRKELEK
0,Neither,0.06,1.52,CLVEIEKAPKVVA
0,Neither,0.06,0.71,AGCCLGKAVRGAK
0,Neither,0.06,0.42,TWKSLSKQELNQM
0,Neither,0.06,0.11,IYLQLSKKDPIIK
0,Neither,0.05,0.44,VITEEEKNFKAFA
0,Neither,0.05,0.41,ISSIEQKTERNEK
0,Neither,0.05,0.34,PCQDFGKRMFVFK
0,Neither,0.05,0.23,EPKFMSKVIGANK
0,Neither,0.05,0.07,LPKKPPKPEFGKL
0,Neither,0.05,0.00,DKTINSKAHAEQA
0,Neither,0.05,0.68,TATSAYKKTSETL
0,Neither,0.05,0.23,EAQMAAKLERLRE
0,Neither,0.05,1.36,NCQGSCKSQSPMF
0,Neither,0.05,0.59,AARPPPKPMZZZZ
0,Neither,0.05,0.74,TESHHHKAQSKZZ
0,Neither,0.05,0.00,EEKEDPKGIPEFW
0,Neither,0.05,0.88,AHQELIKQKKDIS
0,Neither,0.05,0.00,LPSKSSKWDFEEE
0,Neither,0.05,0.17,NLQAPSKLTNSSS
0,Neither,0.05,0.53,VKAIYNKSIIEGP
0,Neither,0.05,0.36,MKTPFGKTPGQRS
0,Neither,0.05,0.18,PSECRMKDKSTRD
0,Neither,0.05,0.79,PTGTFEKEMIGRI
0,Neither,0.05,0.71,SLHSYEKRLFZZZ
0,Neither,0.05,0.18,GLVNYFKSKPVET
0,Neither,0.05,0.05,FNEMMSKEQFNEA
0,Neither,0.05,1.96,PHQQVDKGAIKFV
0,Neither,0.05,1.63,NRFQGGKAFGLLK
0,Neither,0.05,0.18,NKTTLQKMGKKQN
0,Neither,0.05,0.00,LVQTEGKERSLGE
0,Neither,0.05,0.00,KAKIQDKEGIPPD
0,Neither,0.05,0.25,MIGAGSKDAGTLN
0,Neither,0.05,0.14,CEVSKNKDGKEQS
0,Neither,0.05,0.00,ALSSEGKPYVTKE
0,Neither,0.05,0.17,ASPQTAKPTAVPP
0,Neither,0.05,0.51,GAALAGKLRSGDR
0,Neither,0.05,0.16,EVAFFDKTRTGEL
0,Neither,0.05,0.03,KKSHSIKPESWSK
0,Neither,0.05,0.00,LCALAKKHKRTPA
0,Neither,0.05,0.13,VLEEAKKPRVMGD
0,Neither,0.05,0.29,AKSIDLKDKYKNI
0,Neither,0.05,0.56,HQQGTEKLSDLTL
0,Neither,0.05,0.04,VKTLNPKAEVARA
0,Neither,0.05,0.78,PGAPGVKGEPGAP
0,Neither,0.05,0.34,DGVATEKAVELAA
0,Neither,0.05,0.09,QTASIFKQPVTKI
0,Neither,0.05,0.05,QERPPVKPFILTR
0,Neither,0.04,0.60,GAKVADKIQLINN
0,Neither,0.04,0.00,VIEDKPKLEKDKG
0,Neither,0.04,1.06,VLNIKYKNDFSPN
0,Neither,0.04,0.00,PGIKGDKGPPGGK
0,Neither,0.04,0.00,IPNEHKKPAEVFR
0,Neither,0.04,0.22,PQGKKGKNEPKVD
0,Neither,0.04,0.14,LLSVAYKNVVGGR
0,Neither,0.04,0.00,ASGADSKGDDLST
0,Neither,0.04,0.05,PISDSPKPPPQRV
0,Neither,0.04,0.06,NMYGFRKVVHIEQ
0,Neither,0.04,0.74,VEAPSRKRKLSPG
0,Neither,0.04,0.67,KAKNSKKKGAKKE
0,Neither,0.04,0.21,IQEAIKKPLTQKR
0,Neither,0.04,0.51,STPRFGKTFDAPP
0,Neither,0.04,1.25,GQVVAMKKIRLES
0,Neither,0.04,0.15,IDAHLNKVCPTTE
0,Neither,0.04,1.70,SKPTANKKCDLIS
0,Neither,0.04,0.30,PQYLVEKIIRTRI
0,Neither,0.04,0.57,EGQEPAKRRSECE
0,Neither,0.03,0.34,TGVKPYKCTECGK
0,Neither,0.03,0.53,RIVEYEKEMEKMK
0,Neither,0.03,0.09,TKTLGPKPFQLPF
0,Neither,0.03,0.27,NPDEAEKALKHMD
0,Neither,0.03,0.96,EFPLNLKTVSERA
0,Neither,0.03,0.27,ITGHRGKDISTIL
0,Neither,0.03,0.25,LTHSRKKPYVSKQ
0,Neither,0.03,0.32,YFSIKNKKGSELW
0,Neither,0.03,0.21,QQSKILKVIRKNI
0,Neither,0.03,0.54,QTKGYNKVSPFFV
0,Neither,0.03,0.46,DRFSSLKGVPTEV
0,Neither,0.03,0.25,STTTNEKITKLYE
0,Neither,0.03,0.12,LLKDLYKCSEKDS
0,Neither,0.03,0.05,GEKKESKPAATTR
0,Neither,0.03,2.00,QVEGIQKSGTKKL
0,Neither,0.03,0.09,KLKGPQKFQFDGD
0,Neither,0.03,0.18,FVGGNWKMNGRKQ
0,Neither,0.03,0.00,YKSDTGKPYYYNN
0,Neither,0.03,0.45,AAAEKFKVQGEAV
0,Neither,0.03,0.74,SIMTDIKKDNRVT
0,Neither,0.03,0.00,PAPEPPKPYSLVR
0,Neither,0.02,0.18,SKSSKGKDGVEVE
0,Neither,0.02,0.47,EQEKIDKLMIEMD
0,Neither,0.02,0.06,FEELGVKFVKKPD
0,Neither,0.02,0.35,ZZKVADKIQLINN
0,Neither,0.02,0.52,NHYQVVKDGLNQK
0,Neither,0.02,0.00,AAIDWGKMAEQWL
0,Neither,0.02,1.43,VVAVAEKREKLAN
0,Neither,0.02,0.11,FLQRFFKFSRDVF
0,Neither,0.00,2.86,TNSKAQKKNRNKL
0,Neither,0.00,1.18,HPPVVGKVTHHSI
0,Neither,0.00,0.92,TQHDSKKAGAEVV
0,Neither,0.00,0.86,TSLPGDKKSGTSP
0,Neither,0.00,0.67,VHRYVGKEPSGLR
0,Neither,0.00,0.67,GGMRGMKGLVYET
0,Neither,0.00,0.56,VNAKDSKWLTPLH
0,Neither,0.00,0.54,ELDPIQKLFVDKI
0,Neither,0.00,0.48,DIRRRGKNKVAAQ
0,Neither,0.00,0.40,RGDPGIKGDKGPP
0,Neither,0.00,0.40,TAEKPGKEEDVVT
0,Neither,0.00,0.31,ZZZZMKKRNKNEV
0,Neither,0.00,0.22,EETEELKRFDDPG
0,Neither,0.00,0.18,KNPLPSKETIEQE
0,Neither,0.00,0.18,FGPLPSKWQMASS
0,Neither,0.00,0.16,PMEFVNKMKKEGK
0,Neither,0.00,0.12,ETIEQEKQAGESZ
0,Neither,0.00,0.12,TLQAWSKTTPRRI
0,Neither,0.00,0.09,RDSGRLKPALGRS
0,Neither,0.00,0.06,NTWEPEKNLDCPE
0,Neither,0.00,0.05,PAGGDEKDIKAFM
0,Neither,0.00,0.05,MVGPDWKKRWLYW
0,Neither,0.00,0.00,YFSSNGKLEEVKT
0,Neither,0.00,0.00,EYQLEQKDVNSLL
0,Neither,0.00,0.00,TNYEAGKDDYVKA
0,Neither,0.00,0.00,EISWENKLAEGLK
0,Neither,0.00,0.00,VDKPDPKTWKANF
